year,n2o_ppb,n2o_unc
2001,316.36,0.13
2002,316.94,0.12
2003,317.63,0.14
2004,318.25,0.13
2005,318.91,0.13
2006,319.82,0.12
2007,320.44,0.14
2008,321.50,0.13
2009,322.27,0.12
2010,323.18,0.12
2011,324.21,0.12
2012,325.05,0.14
2013,325.94,0.12
2014,327.09,0.12
2015,328.17,0.11
2016,328.95,0.13
2017,329.74,0.13
2018,330.90,0.13
2019,331.88,0.13
2020,333.01,0.06
2021,334.27,0.03
2022,335.62,0.03
2023,336.68,0.03
2024,337.71,0.02
2025,338.86,0.11
